Incident_ID,Timestamp,Service,Anomaly_Type,Detected_By,Resolution_Action,Resolution_Time_Minutes,Status,Root_Cause,Escalation_Required,Engineer_Notes
INC-1001,2026-05-22 08:15:23,AuthService,CPU Spike,AI-Agent-1,Restarted Service,3,Resolved,Memory Leak,No,Auto-resolved by agent
INC-1002,2026-05-22 08:22:10,DBCluster,Connection Timeout,AI-Agent-2,Reallocated Resources,7,Resolved,Network Congestion,No,Resource pool adjusted
INC-1003,2026-05-22 08:35:44,WebAPI,Error Rate Surge,AI-Agent-1,Restarted Service,2,Resolved,Code Bug,No,Quick restart successful
INC-1004,2026-05-22 08:41:12,CacheLayer,Memory Exhaustion,AI-Agent-3,Scaled Up Nodes,6,Resolved,High Load,No,Auto-scale triggered
INC-1006,2026-05-22 09:03:29,NotificationService,Queue Backlog,AI-Agent-1,Reallocated Resources,5,Resolved,Downstream Slowdown,No,Queue cleared
INC-1007,2026-05-22 09:14:17,DBCluster,Disk Space Low,AI-Agent-3,Scaled Up Nodes,8,Resolved,Large Data Import,No,Storage expanded
INC-1008,2026-05-22 09:22:55,AuthService,Login Failures,AI-Agent-1,Restarted Service,3,Resolved,Token Expiry,No,Tokens refreshed
INC-1009,2026-05-22 09:35:10,WebAPI,Error Rate Surge,AI-Agent-2,Reallocated Resources,6,Resolved,Traffic Spike,No,Load balanced
INC-1010,2026-05-22 09:41:48,CacheLayer,Memory Exhaustion,AI-Agent-3,Restarted Service,2,Resolved,Cache Overflow,No,Cache cleared
INC-1011,2026-05-22 09:55:23,PaymentGateway,Timeouts,AI-Agent-1,Restarted Service,4,Resolved,API Rate Limit,No,API keys rotated
INC-1012,2026-05-22 10:03:11,NotificationService,Queue Backlog,AI-Agent-2,Scaled Up Nodes,7,Resolved,High Volume,No,Scaling successful
INC-1013,2026-05-22 10:15:36,DBCluster,CPU Spike,AI-Agent-3,Reallocated Resources,5,Resolved,Query Loop,No,Query optimized
INC-1014,2026-05-22 10:22:19,AuthService,Login Failures,AI-Agent-1,Restarted Service,3,Resolved,Config Drift,No,Config synced
INC-1015,2026-05-22 10:35:02,WebAPI,Error Rate Surge,AI-Agent-2,Restarted Service,2,Resolved,Code Bug,No,Patch scheduled
INC-1016,2026-05-22 10:41:55,CacheLayer,Memory Exhaustion,AI-Agent-3,Scaled Up Nodes,6,Resolved,High Load,No,Auto-scale triggered
INC-1017,2026-05-22 10:55:44,PaymentGateway,Latency Spike,AI-Agent-1,Restarted Service,4,Resolved,Third-party Delay,No,Service restarted
INC-1018,2026-05-22 11:03:27,NotificationService,Queue Backlog,AI-Agent-2,Reallocated Resources,5,Resolved,Downstream Slowdown,No,Queue cleared
INC-1019,2026-05-22 11:15:13,DBCluster,Disk Space Low,AI-Agent-3,Scaled Up Nodes,8,Resolved,Large Data Import,No,Storage expanded
INC-1020,2026-05-22 11:22:59,AuthService,Login Failures,AI-Agent-1,Restarted Service,3,Resolved,Token Expiry,No,Tokens refreshed
INC-1021,2026-05-22 11:35:21,WebAPI,Error Rate Surge,AI-Agent-2,Reallocated Resources,6,Resolved,Traffic Spike,No,Load balanced
INC-1022,2026-05-22 11:41:33,CacheLayer,Memory Exhaustion,AI-Agent-3,Restarted Service,2,Resolved,Cache Overflow,No,Cache cleared
INC-1023,2026-05-22 11:55:10,PaymentGateway,Timeouts,AI-Agent-1,Restarted Service,4,Resolved,API Rate Limit,No,API keys rotated
INC-1024,2026-05-22 12:03:45,NotificationService,Queue Backlog,AI-Agent-2,Scaled Up Nodes,7,Resolved,High Volume,No,Scaling successful
INC-1025,2026-05-22 12:15:29,DBCluster,CPU Spike,AI-Agent-3,Reallocated Resources,5,Resolved,Query Loop,No,Query optimized
INC-1026,2026-05-22 12:22:18,AuthService,Login Failures,AI-Agent-1,Restarted Service,3,Resolved,Config Drift,No,Config synced
INC-1027,2026-05-22 12:35:07,WebAPI,Error Rate Surge,AI-Agent-2,Restarted Service,2,Resolved,Code Bug,No,Patch scheduled
INC-1028,2026-05-22 12:41:56,CacheLayer,Memory Exhaustion,AI-Agent-3,Scaled Up Nodes,6,Resolved,High Load,No,Auto-scale triggered
INC-1029,2026-05-22 12:55:44,PaymentGateway,Latency Spike,AI-Agent-1,Restarted Service,4,Resolved,Third-party Delay,No,Service restarted
INC-1030,2026-05-22 13:03:22,NotificationService,Queue Backlog,AI-Agent-2,Reallocated Resources,5,Resolved,Downstream Slowdown,No,Queue cleared
INC-1031,2026-05-22 13:15:11,DBCluster,Disk Space Low,AI-Agent-3,Scaled Up Nodes,8,Resolved,Large Data Import,No,Storage expanded
INC-1032,2026-05-22 13:22:58,AuthService,Login Failures,AI-Agent-1,Restarted Service,3,Resolved,Token Expiry,No,Tokens refreshed
INC-1033,2026-05-22 13:35:23,WebAPI,Error Rate Surge,AI-Agent-2,Reallocated Resources,6,Resolved,Traffic Spike,No,Load balanced
INC-1034,2026-05-22 13:41:39,CacheLayer,Memory Exhaustion,AI-Agent-3,Restarted Service,2,Resolved,Cache Overflow,No,Cache cleared
INC-1035,2026-05-22 13:55:14,PaymentGateway,Timeouts,AI-Agent-1,Restarted Service,4,Resolved,API Rate Limit,No,API keys rotated
INC-1036,2026-05-22 14:03:47,NotificationService,Queue Backlog,AI-Agent-2,Scaled Up Nodes,7,Resolved,High Volume,No,Scaling successful
INC-1037,2026-05-22 14:15:33,DBCluster,CPU Spike,AI-Agent-3,Reallocated Resources,5,Resolved,Query Loop,No,Query optimized
INC-1038,2026-05-22 14:22:21,AuthService,Login Failures,AI-Agent-1,Restarted Service,3,Resolved,Config Drift,No,Config synced
INC-1039,2026-05-22 14:35:09,WebAPI,Error Rate Surge,AI-Agent-2,Restarted Service,2,Resolved,Code Bug,No,Patch scheduled
INC-1040,2026-05-22 14:41:58,CacheLayer,Memory Exhaustion,AI-Agent-3,Scaled Up Nodes,6,Resolved,High Load,No,Auto-scale triggered
INC-1041,2026-05-22 14:55:45,PaymentGateway,Latency Spike,AI-Agent-1,Restarted Service,4,Resolved,Third-party Delay,No,Service restarted
INC-1042,2026-05-22 15:03:28,NotificationService,Queue Backlog,AI-Agent-2,Reallocated Resources,5,Resolved,Downstream Slowdown,No,Queue cleared
INC-1043,2026-05-22 15:15:15,DBCluster,Disk Space Low,AI-Agent-3,Scaled Up Nodes,8,Resolved,Large Data Import,No,Storage expanded
INC-1044,2026-05-22 15:22:57,AuthService,Login Failures,AI-Agent-1,Restarted Service,3,Resolved,Token Expiry,No,Tokens refreshed
INC-1045,2026-05-22 15:35:25,WebAPI,Error Rate Surge,AI-Agent-2,Reallocated Resources,6,Resolved,Traffic Spike,No,Load balanced
INC-1046,2026-05-22 15:41:37,CacheLayer,Memory Exhaustion,AI-Agent-3,Restarted Service,2,Resolved,Cache Overflow,No,Cache cleared
INC-1047,2026-05-22 15:55:12,PaymentGateway,Timeouts,AI-Agent-1,Restarted Service,4,Resolved,API Rate Limit,No,API keys rotated
INC-1048,2026-05-22 16:03:46,NotificationService,Queue Backlog,AI-Agent-2,Scaled Up Nodes,7,Resolved,High Volume,No,Scaling successful
INC-1049,2026-05-22 16:15:31,DBCluster,CPU Spike,AI-Agent-3,Reallocated Resources,5,Resolved,Query Loop,No,Query optimized
INC-1050,2026-05-22 16:22:20,AuthService,Login Failures,AI-Agent-1,Restarted Service,3,Resolved,Config Drift,No,Config synced