Index,First Name,Last Name,Sex,Email,Phone,Date of birth,Job Title
1,Sara,Mcguire,Female,tsharp@example.net,(971)643-6089x9160,17-08-21,"Editor, commissioning"
2,Alisha,Hebert,Male,vincentgarrett@example.net,+1-114-355-1841x78347,28-06-69,Broadcast engineer
3,Gwendolyn,Sheppard,Male,mercadojonathan@example.com,9017807728,25-09-15,Industrial buyer
4,Kristine,Mccann,Female,lindsay55@example.com,+1-607-333-9911x59088,27-07-78,Multimedia specialist
5,Bobby,Pittman,Female,blevinsmorgan@example.com,3739847538,17-11-89,Planning and development surveyor
6,Calvin,Ramsey,Female,loretta85@example.com,001-314-829-5014x1792,31-08-17,Therapeutic radiographer
7,Collin,Allison,Male,yvaughn@example.net,(314)591-7413,21-11-79,Administrator
8,Nicholas,Branch,Male,greerjimmy@example.net,-7199,21-01-06,Fisheries officer
9,Emma,Robinson,Female,charleshiggins@example.org,166-234-6882x7457,19-03-09,Haematologist
10,Pedro,Cordova,Male,leslie08@example.com,(389)824-3204x8287,17-06-08,Phytotherapist
11,Jean,Aguilar,Male,raymond24@example.org,(285)029-1604x5466,28-10-78,"Engineer, control and instrumentation"
12,Dwayne,Hutchinson,Female,preston28@example.net,(233)811-1749x417,22-06-14,"Teacher, early years/pre"
13,Bradley,Velazquez,Male,joycejay@example.net,(831)049-2030,23-12-06,Airline pilot
14,Samantha,Moon,Male,wesleymullins@example.net,7788378816,21-06-78,Intelligence analyst
15,Clayton,Erickson,Male,nterry@example.net,990-374-0521x33156,07-02-59,Paediatric nurse
16,Bradley,Bright,Female,devinherman@example.net,2534420151,27-01-92,Fitness centre manager
17,Ernest,Maynard,Male,tommywoodard@example.com,355-863-2311x6315,23-11-17,"Accountant, chartered certified"
18,Joe,Larsen,Female,brianna43@example.org,(566)667-8566x109,18-06-09,Geographical information systems officer
19,Alfred,Barrera,Female,kristina40@example.net,4735530004,13-11-24,"Administrator, charities/voluntary organisations"